Date,Dealer,Exchange1,Exchange2,Type,Quantity,Limit,CommissionPaid,Price
2017/8/3,zaif,JPY,XEM,BUY,15,25.76,0.015,386.415
2017/8/3,zaif,JPY,XEM,BUY,371,25.7699,0.371,9561.0039
2017/8/3,zaif,JPY,ZAIF,BUY,432.3,0.1189,0,51.40047
2017/8/4,zaif,BTC,XEM,BUY,1099,0.00008025,1.099,1.18719475
2017/8/6,zaif,BTC,ZAIF,BUY,34178,0.00000033,0,0.01127874
2017/8/6,zaif,BTC,ZAIF,BUY,564,0.00000034,0,0.00019176
2017/8/6,zaif,BTC,ZAIF,BUY,35784,0.00000034,0,0.01216656
2017/8/6,zaif,BTC,ZAIF,BUY,9918,0.00000034,0,0.00337212
2017/8/6,zaif,BTC,ZAIF,BUY,1271,0.00000034,0,0.00043214
2017/8/6,zaif,BTC,ZAIF,BUY,163,0.00000034,0,0.00005542
2017/8/6,zaif,BTC,ZAIF,BUY,21,0.00000034,0,0.00000714
2017/8/6,zaif,BTC,ZAIF,BUY,3,0.0000003,0,0.0000009
2017/8/6,zaif,BTC,ZAIF,BUY,1,0.00000031,0,0.00000031
2017/8/11,zaif,BTC,ZAIF,BUY,171,0.00000029,0,0.00004959
2017/8/11,zaif,BTC,ZAIF,BUY,92939,0.0000003,0,0.0278817
2017/8/11,zaif,BTC,ZAIF,BUY,55328,0.00000032,0,0.01770496
2017/8/13,zaif,JPY,ZAIF,BUY,14.8,0.1053,0,1.55844
2017/8/13,zaif,BTC,ZAIF,BUY,8103,0.00000023,0,0.00186369
2017/8/18,zaif,BTC,ZAIF,BUY,387255,0.00000051,0,0.19750005
2017/8/19,zaif,BTC,XEM,SELL,750,0.00005805,0.00004354,0.04358104
2017/8/19,zaif,BTC,XEM,SELL,733,0.00005805,0.00004255,0.0425932
2017/8/19,zaif,BTC,ZAIF,BUY,19165,0.00000075,0,0.01437375
2017/8/19,zaif,BTC,ZAIF,BUY,19,0.00000075,0,0.00001425
2017/8/19,zaif,BTC,ZAIF,BUY,74935,0.00000083,0,0.06219605
2017/8/19,zaif,BTC,ZAIF,BUY,10320,0.00000084,0,0.0086688
2017/8/20,zaif,BTC,ZAIF,SELL,909,0.0000011,0.000001,0.0010009
2017/8/20,zaif,BTC,ZAIF,SELL,10000,0.0000011,0.000011,0.011011
2017/8/20,zaif,BTC,ZAIF,SELL,28550,0.0000011,0.0000314,0.0314364
2017/8/20,zaif,BTC,ZAIF,SELL,26,0.0000011,0.00000003,0.00002863
2017/8/20,zaif,BTC,PEPECASH,BUY,1,0.00000425,0.0001,0.00010425
2017/8/20,zaif,BTC,ZAIF,SELL,20,0.0000011,0,0.000022
2017/8/20,zaif,BTC,ZAIF,SELL,10,0.0000011,0,0.000011
2017/8/20,zaif,BTC,ZAIF,SELL,141400,0.0000011,0,0.15554
2017/8/20,zaif,BTC,ZAIF,SELL,142,0.0000011,0,0.0001562
2017/8/20,zaif,BTC,ZAIF,SELL,10,0.0000011,0,0.000011
2017/8/20,zaif,BTC,ZAIF,SELL,1,0.0000011,0,0.0000011
2017/8/20,zaif,BTC,ZAIF,SELL,10,0.0000011,0,0.000011
2017/8/20,zaif,BTC,PEPECASH,BUY,10382,0.00000425,0,0.0441235
2017/8/20,zaif,BTC,PEPECASH,BUY,2,0.00000425,0,0.0000085
2017/8/20,zaif,BTC,PEPECASH,BUY,586,0.00000425,0.0586,0.0610905
2017/8/20,zaif,BTC,PEPECASH,BUY,15616,0.00000425,1.5616,1.627968
2017/8/20,zaif,BTC,PEPECASH,BUY,13612,0.00000425,0,0.057851
2017/8/20,zaif,BTC,ZAIF,SELL,10,0.0000011,0,0.000011
2017/8/20,zaif,BTC,PEPECASH,BUY,6833,0.00000425,0,0.02904025
2017/8/20,zaif,BTC,PEPECASH,BUY,1,0.00000425,0,0.00000425
2017/8/20,zaif,BTC,ZAIF,SELL,38087,0.0000011,0,0.0418957
2017/8/20,zaif,BTC,PEPECASH,BUY,5293,0.00000425,0.5293,0.55179525
2017/8/20,zaif,BTC,PEPECASH,BUY,1,0.00000425,0.0001,0.00010425
2017/8/20,zaif,BTC,PEPECASH,BUY,4010,0.00000484,0.401,0.4204084
2017/8/20,zaif,BTC,ZAIF,SELL,327,0.0000006,0.0000002,0.0001964
2017/8/20,zaif,BTC,ZAIF,SELL,255378,0.0000006,0.00015323,0.15338003
2017/8/20,zaif,BTC,PEPECASH,SELL,56334,0.00000322,0.00001814,0.18141362
2017/8/20,zaif,JPY,ZAIF,SELL,76711.5,0.3465,0,26580.53475
2017/8/20,zaif,JPY,BTC,BUY,0.0494,447800,0,22121.32
2017/8/20,zaif,JPY,BTC,BUY,0.0099,447815,0,4433.3685
2017/8/20,zaif,JPY,ZAIF,BUY,64.9,0.398,0,25.8302
2017/8/20,zaif,BTC,ZAIF,SELL,168758,0.00000095,0,0.1603201
2017/8/20,zaif,BTC,ZAIF,SELL,10300,0.00000095,0,0.009785
2017/8/20,zaif,BTC,ZAIF,BUY,561474,0.00000099,0,0.55585926
2017/8/20,zaif,BTC,ZAIF,BUY,8275,0.00000099,0,0.00819225
2017/8/20,zaif,BTC,ZAIF,BUY,129,0.00000089,0,0.00011481
2017/8/20,zaif,BTC,ZAIF,BUY,132074,0.00000089,0,0.11754586
2017/8/20,zaif,BTC,ZAIF,BUY,776,0.00000089,0,0.00069064
2017/8/20,zaif,BTC,ZAIF,BUY,42696,0.00000089,0,0.03799944
2017/8/20,zaif,BTC,ZAIF,BUY,27591,0.00000089,0,0.02455599
2017/8/21,zaif,JPY,ZAIF,BUY,6.6,0.3955,0,2.6103
2017/8/21,zaif,JPY,ZAIF,SELL,231906.6,0.4,0,92762.64
2017/8/21,zaif,JPY,ZAIF,BUY,242834.1,0.3699,0,89824.33359
2017/8/21,zaif,JPY,ZAIF,BUY,2000,0.3699,0,739.8
2017/8/21,zaif,JPY,ZAIF,BUY,5941.4,0.37,0,2198.318
2017/8/21,zaif,JPY,ZAIF,BUY,0.5,0.37,0,0.185
2017/8/22,zaif,JPY,PEPECASH,SELL,0.4,1.4999,0,0.59996
2017/8/22,zaif,JPY,PEPECASH,SELL,0.0493,1.4999,0,0.07394507
2017/8/22,zaif,JPY,ZAIF,SELL,79189.1,0.372,0,29458.3452
2017/8/22,zaif,JPY,ZAIF,SELL,2705.3,0.3805,1.02936665,1030.396017
2017/8/22,zaif,JPY,ZAIF,SELL,69,0.3805,0,26.2545
2017/8/22,zaif,JPY,ZAIF,SELL,0.7,0.3805,0,0.26635
2017/8/22,zaif,JPY,ZAIF,SELL,69,0.3805,0,26.2545
2017/8/22,zaif,JPY,ZAIF,SELL,69,0.3805,0,26.2545
2017/8/22,zaif,JPY,ZAIF,SELL,69,0.3805,0,26.2545
2017/8/22,zaif,JPY,ZAIF,SELL,69,0.3805,0,26.2545
2017/8/22,zaif,JPY,ZAIF,SELL,69,0.3805,0,26.2545
2017/8/22,zaif,JPY,ZAIF,SELL,69,0.3805,0,26.2545
2017/8/22,zaif,JPY,ZAIF,SELL,69,0.3805,0,26.2545
2017/8/22,zaif,JPY,ZAIF,SELL,69,0.3805,0,26.2545
2017/8/22,zaif,JPY,ZAIF,SELL,69,0.3805,0,26.2545
2017/8/22,zaif,JPY,ZAIF,SELL,69,0.3805,0,26.2545
2017/8/22,zaif,JPY,ZAIF,SELL,69,0.3805,0,26.2545
2017/8/22,zaif,JPY,ZAIF,SELL,69,0.3805,0,26.2545
2017/8/22,zaif,JPY,ZAIF,SELL,69,0.3805,0,26.2545
2017/8/22,zaif,JPY,ZAIF,SELL,69,0.3805,0,26.2545
2017/8/22,zaif,JPY,ZAIF,SELL,69,0.3805,0,26.2545
2017/8/22,zaif,JPY,ZAIF,SELL,69,0.3805,0,26.2545
2017/8/22,zaif,JPY,ZAIF,SELL,69,0.3805,0,26.2545
2017/8/22,zaif,JPY,ZAIF,SELL,69,0.3805,0,26.2545
2017/8/22,zaif,JPY,ZAIF,SELL,69,0.3805,0,26.2545
2017/8/22,zaif,JPY,ZAIF,SELL,69,0.3805,0,26.2545
2017/8/22,zaif,JPY,ZAIF,SELL,69,0.3805,0,26.2545
2017/8/22,zaif,JPY,ZAIF,SELL,69,0.3805,0,26.2545
2017/8/22,zaif,JPY,ZAIF,SELL,69,0.3805,0,26.2545
2017/8/22,zaif,JPY,ZAIF,SELL,69,0.3805,0,26.2545
2017/8/22,zaif,JPY,ZAIF,SELL,69,0.3805,0,26.2545
2017/8/22,zaif,JPY,ZAIF,SELL,69,0.3805,0,26.2545
2017/8/22,zaif,JPY,ZAIF,SELL,69,0.3805,0,26.2545
2017/8/22,zaif,JPY,ZAIF,SELL,69,0.3805,0,26.2545
2017/8/22,zaif,JPY,ZAIF,SELL,69,0.3805,0,26.2545
2017/8/22,zaif,JPY,ZAIF,SELL,69,0.3805,0,26.2545
2017/8/22,zaif,JPY,ZAIF,SELL,69,0.3805,0,26.2545
2017/8/22,zaif,JPY,ZAIF,SELL,69,0.3805,0,26.2545
2017/8/22,zaif,JPY,ZAIF,SELL,16500,0.3805,0,6278.25
2017/8/22,zaif,JPY,ZAIF,SELL,69,0.3805,0,26.2545
2017/8/22,zaif,JPY,ZAIF,SELL,69,0.3805,0,26.2545
2017/8/22,zaif,JPY,ZAIF,SELL,69,0.3805,0,26.2545
2017/8/22,zaif,JPY,ZAIF,SELL,69,0.3805,0,26.2545
2017/8/22,zaif,JPY,ZAIF,SELL,69,0.3805,0,26.2545
2017/8/22,zaif,JPY,ZAIF,SELL,69,0.3805,0,26.2545
2017/8/22,zaif,JPY,ZAIF,SELL,69,0.3805,0,26.2545
2017/8/22,zaif,JPY,ZAIF,SELL,69,0.3805,0,26.2545
2017/8/22,zaif,JPY,ZAIF,SELL,69,0.3805,0,26.2545
2017/8/22,zaif,JPY,ZAIF,SELL,69,0.3805,0,26.2545
2017/8/22,zaif,JPY,ZAIF,SELL,69,0.3805,0,26.2545
2017/8/22,zaif,JPY,ZAIF,SELL,69,0.3805,0,26.2545
2017/8/22,zaif,JPY,ZAIF,SELL,69,0.3805,0,26.2545
2017/8/22,zaif,JPY,ZAIF,SELL,69,0.3805,0,26.2545
2017/8/22,zaif,JPY,ZAIF,SELL,69,0.3805,0,26.2545
2017/8/22,zaif,JPY,ZAIF,SELL,69,0.3805,0,26.2545
2017/8/22,zaif,JPY,ZAIF,SELL,69,0.3805,0,26.2545
2017/8/22,zaif,JPY,ZAIF,SELL,69,0.3805,0,26.2545
2017/8/22,zaif,JPY,ZAIF,SELL,69,0.3805,0,26.2545
2017/8/22,zaif,JPY,ZAIF,SELL,69,0.3805,0,26.2545
2017/8/22,zaif,JPY,ZAIF,SELL,69,0.3805,0,26.2545
2017/8/22,zaif,JPY,ZAIF,SELL,69,0.3805,0,26.2545
2017/8/22,zaif,JPY,ZAIF,SELL,69,0.3805,0,26.2545
2017/8/22,zaif,JPY,ZAIF,SELL,69,0.3805,0,26.2545
2017/8/22,zaif,JPY,ZAIF,SELL,69,0.3805,0,26.2545
2017/8/22,zaif,JPY,ZAIF,SELL,69,0.3805,0,26.2545
2017/8/22,zaif,JPY,ZAIF,SELL,69,0.3805,0,26.2545
2017/8/22,zaif,JPY,ZAIF,SELL,69,0.3805,0,26.2545
2017/8/22,zaif,JPY,ZAIF,SELL,69,0.3805,0,26.2545
2017/8/22,zaif,JPY,ZAIF,SELL,69,0.3805,0,26.2545
2017/8/22,zaif,JPY,ZAIF,SELL,69,0.3805,0,26.2545
2017/8/22,zaif,JPY,ZAIF,SELL,22797.7,0.3805,0,8674.52485
2017/8/22,zaif,JPY,ZAIF,SELL,69,0.3805,0,26.2545
2017/8/22,zaif,JPY,ZAIF,SELL,69,0.3805,0,26.2545
2017/8/22,zaif,JPY,ZAIF,SELL,69,0.3805,0,26.2545
2017/8/22,zaif,JPY,ZAIF,SELL,69,0.3805,0,26.2545
2017/8/22,zaif,JPY,ZAIF,SELL,69,0.3805,0,26.2545
2017/8/22,zaif,JPY,ZAIF,SELL,69,0.3805,0,26.2545
2017/8/22,zaif,JPY,ZAIF,SELL,69,0.3805,0,26.2545
2017/8/22,zaif,JPY,ZAIF,SELL,69,0.3805,0,26.2545
2017/8/22,zaif,JPY,ZAIF,SELL,69,0.3805,0,26.2545
2017/8/22,zaif,JPY,ZAIF,SELL,69,0.3805,0,26.2545
2017/8/22,zaif,JPY,ZAIF,SELL,69,0.3805,0,26.2545
2017/8/22,zaif,JPY,ZAIF,SELL,11000,0.3805,0,4185.5
2017/8/22,zaif,JPY,ZAIF,SELL,69,0.3805,0,26.2545
2017/8/22,zaif,JPY,ZAIF,SELL,69,0.3805,0,26.2545
2017/8/22,zaif,JPY,ZAIF,SELL,69,0.3805,0,26.2545
2017/8/22,zaif,JPY,ZAIF,SELL,69,0.3805,0,26.2545
2017/8/22,zaif,JPY,ZAIF,SELL,69,0.3805,0,26.2545
2017/8/22,zaif,JPY,ZAIF,SELL,69,0.3805,0,26.2545
2017/8/22,zaif,JPY,ZAIF,SELL,69,0.3805,0,26.2545
2017/8/22,zaif,JPY,ZAIF,SELL,69,0.3805,0,26.2545
2017/8/22,zaif,JPY,ZAIF,SELL,69,0.3805,0,26.2545
2017/8/22,zaif,JPY,ZAIF,SELL,67,0.3805,0,25.4935
2017/8/22,zaif,JPY,ZAIF,SELL,69,0.3805,0,26.2545
2017/8/22,zaif,JPY,ZAIF,SELL,69,0.3805,0,26.2545
2017/8/22,zaif,JPY,ZAIF,SELL,69,0.3805,0,26.2545
2017/8/22,zaif,JPY,ZAIF,SELL,69,0.3805,0,26.2545
2017/8/22,zaif,JPY,ZAIF,SELL,69,0.3805,0,26.2545
2017/8/22,zaif,JPY,ZAIF,SELL,69,0.3805,0,26.2545
2017/8/22,zaif,JPY,ZAIF,SELL,69,0.3805,0,26.2545
2017/8/22,zaif,JPY,ZAIF,SELL,11920.5,0.3805,0,4535.75025
2017/8/22,zaif,JPY,ZAIF,SELL,30000,0.3702,11.106,11117.106
2017/8/22,zaif,JPY,ZAIF,SELL,55484.2,0.3701,20.53470242,20555.23712
2017/8/22,zaif,JPY,ZAIF,SELL,54039.4,0.3701,19.99998194,20019.98192
2017/8/22,zaif,JPY,ZAIF,SELL,103633.9,0.3701,38.35490639,38393.2613
2017/8/22,zaif,JPY,ZAIF,SELL,7310,0.37,2.7047,2707.4047
2017/8/22,zaif,JPY,ZAIF,SELL,54054.1,0.37,20.000017,20020.01702
2017/8/22,zaif,JPY,ZAIF,SELL,336910.6,0.37,124.656922,124781.5789
2017/8/22,zaif,JPY,ZAIF,BUY,0.2,0.364,0,0.0728
2017/8/22,zaif,JPY,ZAIF,BUY,144914.7,0.364,0,52748.9508
2017/8/22,zaif,JPY,ZAIF,BUY,255085.1,0.364,0,92850.9764
2017/8/22,zaif,JPY,BTC,BUY,0.001,416690,0,416.69
2017/8/22,zaif,JPY,BTC,BUY,0.0234,416690,0,9750.546
2017/8/22,zaif,JPY,BTC,BUY,0.0034,416690,0,1416.746
2017/8/22,zaif,JPY,BTC,BUY,0.3276,416690,0,136507.644
2017/8/22,zaif,JPY,ZAIF,BUY,12.5,0.364,0,4.55
2017/8/22,zaif,JPY,ZAIF,SELL,30884,0.368,0,11365.312
2017/8/22,zaif,JPY,ZAIF,SELL,31,0.368,0,11.408
2017/8/22,zaif,JPY,ZAIF,SELL,1,0.368,0,0.368
2017/8/22,zaif,JPY,ZAIF,SELL,10000,0.368,0,3680
2017/8/22,zaif,JPY,ZAIF,SELL,359096.5,0.368,0,132147.512
2017/8/22,zaif,JPY,BTC,BUY,0.361,407705,0,147181.505
2017/8/22,zaif,BTC,XEM,BUY,1000,0.0000685,1,1.0685
2017/8/22,zaif,BTC,XEM,BUY,499,0.0000685,0,0.0341815
2017/8/22,zaif,BTC,XEM,BUY,1,0.0000685,0,0.0000685
2017/8/23,zaif,JPY,BTC,SELL,0.0187,450985,0,8433.4195
2017/8/23,zaif,JPY,BTC,SELL,0.0461,450985,0,20790.4085
2017/8/23,zaif,JPY,BTC,SELL,0.005,450985,0,2254.925
2017/8/23,zaif,JPY,BTC,SELL,0.0061,450985,0,2751.0085
2017/8/23,zaif,JPY,BTC,SELL,0.005,450985,0,2254.925
2017/8/23,zaif,JPY,BTC,SELL,0.2146,450985,0,96781.381
2017/8/23,zaif,JPY,BTC,SELL,0.0171,450985,0,7711.8435
2017/8/23,zaif,JPY,BTC,BUY,0.0001,455960,0,45.596
2017/8/23,zaif,JPY,BTC,BUY,0.0006,456000,0,273.6
2017/8/23,zaif,JPY,BTC,BUY,0.2776,456000,0,126585.6
2017/8/23,zaif,JPY,BTC,BUY,0.0157,456000,0,7159.2
2017/8/23,zaif,JPY,BTC,BUY,0.0152,456000,0,6931.2
2017/8/23,zaif,BTC,ZAIF,BUY,54,0.0000009,0,0.0000486
2017/8/23,zaif,BTC,ZAIF,BUY,1,0.0000009,0,0.0000009
2017/8/23,zaif,JPY,ZAIF,BUY,84.9,0.4133,0,35.08917
2017/8/23,zaif,BTC,XEM,SELL,1499,0.0000615,0,0.0921885
2017/8/24,zaif,BTC,ZAIF,BUY,199200,0.000001,0,0.1992
2017/8/24,zaif,BTC,ZAIF,BUY,7617,0.000001,0,0.007617
2017/8/24,zaif,BTC,ZAIF,SELL,206956,0.00000108,0,0.22351248
2017/8/24,zaif,BTC,ZAIF,BUY,21066,0.00000105,0,0.0221193
2017/8/24,zaif,BTC,ZAIF,BUY,191803,0.00000105,0,0.20139315
2017/8/24,zaif,BTC,ZAIF,SELL,212869,0.0000011,0,0.2341559
2017/8/24,zaif,BTC,ZAIF,BUY,223006,0.00000105,0,0.2341563
2017/8/24,zaif,JPY,ZAIF,BUY,0.1,0.4947,0,0.04947
2017/8/24,zaif,JPY,ZAIF,BUY,0.1,0.4947,0,0.04947
2017/8/24,zaif,JPY,ZAIF,BUY,0.1,0.4947,0,0.04947
2017/8/24,zaif,JPY,ZAIF,BUY,0.1,0.4947,0,0.04947
2017/8/24,zaif,JPY,ZAIF,BUY,0.1,0.4947,0,0.04947
2017/8/24,zaif,JPY,ZAIF,BUY,0.1,0.4947,0,0.04947
2017/8/24,zaif,JPY,ZAIF,BUY,0.1,0.4947,0,0.04947
2017/8/24,zaif,JPY,ZAIF,BUY,55.1,0.4947,0,27.25797
2017/8/24,zaif,BTC,ZAIF,SELL,223062,0.0000011,0,0.2453682
2017/8/24,zaif,BTC,ZAIF,BUY,59206,0.00000109,0,0.06453454
2017/8/24,zaif,BTC,ZAIF,BUY,19980,0.00000109,0,0.0217782
2017/8/24,zaif,BTC,ZAIF,BUY,33368,0.00000109,0,0.03637112
2017/8/25,zaif,BTC,ZAIF,SELL,112554,0.00000113,0,0.12718602
2017/8/25,zaif,BTC,ZAIF,BUY,86034,0.0000012,0,0.1032408
2017/8/25,zaif,BTC,ZAIF,BUY,122068,0.0000012,0,0.1464816
2017/8/25,zaif,BTC,ZAIF,BUY,122,0.0000012,0,0.0001464
2017/8/25,zaif,BTC,ZAIF,BUY,1,0.0000012,0,0.0000012
2017/8/25,zaif,JPY,ZAIF,SELL,41224.9,0.57,23.498193,23521.69119
2017/8/25,zaif,JPY,ZAIF,SELL,62887.9,0.57,0,35846.103
2017/8/25,zaif,JPY,ZAIF,SELL,0.1,0.5779,0,0.05779
2017/8/25,zaif,JPY,ZAIF,SELL,104112.8,0.5779,0,60166.78712
2017/8/25,zaif,JPY,ZAIF,BUY,215293.1,0.555,0,119487.6705
2017/8/25,zaif,BTC,ZAIF,BUY,72513,0.00000113,0,0.08193969
2017/8/25,zaif,BTC,ZAIF,BUY,78855,0.00000113,0,0.08910615
2017/8/25,zaif,BTC,ZAIF,BUY,1661,0.00000113,0,0.00187693
2017/8/25,zaif,BTC,ZAIF,BUY,7749,0.00000113,0,0.00875637
2017/8/25,zaif,BTC,ZAIF,BUY,89878,0.00000113,0,0.10156214
2017/8/25,zaif,BTC,ZAIF,BUY,142076,0.00000117,0,0.16622892
2017/8/25,zaif,BTC,ZAIF,SELL,122900,0.00000121,0,0.148709
2017/8/25,zaif,BTC,ZAIF,SELL,1000,0.00000121,0,0.00121
2017/8/25,zaif,BTC,ZAIF,SELL,180112,0.00000121,0,0.21793552
2017/8/25,zaif,BTC,ZAIF,BUY,93323,0.00000117,0,0.10918791
2017/8/25,zaif,BTC,ZAIF,SELL,119200,0.00000123,0,0.146616
2017/8/25,zaif,BTC,ZAIF,SELL,51,0.00000126,0,0.00006426
2017/8/25,zaif,BTC,ZAIF,SELL,83389,0.00000126,0,0.10507014
2017/8/25,zaif,JPY,ZAIF,SELL,66778.5,0.63,42.070455,42112.52546
2017/8/25,zaif,JPY,ZAIF,SELL,57899.7,0.63,36.476811,36513.28781
2017/8/25,zaif,JPY,ZAIF,SELL,1000,0.63,0.63,630.63
2017/8/25,zaif,JPY,ZAIF,SELL,1000,0.63,0,630
2017/8/25,zaif,JPY,ZAIF,SELL,1,0.63,0,0.63
2017/8/25,zaif,JPY,ZAIF,SELL,68016.9,0.63,0,42850.647
2017/8/25,zaif,JPY,ZAIF,BUY,48714.1,0.6,0,29228.46
2017/8/25,zaif,JPY,ZAIF,BUY,2000,0.6,0,1200
2017/8/25,zaif,BTC,ZAIF,BUY,160291,0.0000012,0,0.1923492
2017/8/25,zaif,JPY,ZAIF,BUY,153584.8,0.6,0,92150.88
2017/8/25,zaif,BTC,ZAIF,BUY,25239,0.0000012,0,0.0302868
2017/8/25,zaif,BTC,ZAIF,SELL,1,0.00000125,0.00000001,0.00000126
2017/8/25,zaif,BTC,ZAIF,SELL,1,0.00000125,0.00000001,0.00000126
2017/8/25,zaif,BTC,ZAIF,SELL,90925,0.0000013,0,0.1182025
2017/8/25,zaif,BTC,ZAIF,SELL,16000,0.0000013,0,0.0208
2017/8/25,zaif,BTC,ZAIF,SELL,16,0.0000013,0,0.0000208
2017/8/25,zaif,BTC,ZAIF,SELL,1,0.0000013,0,0.0000013
2017/8/25,zaif,BTC,ZAIF,SELL,87971,0.0000013,0,0.1143623
2017/8/25,zaif,BTC,ZAIF,SELL,97456,0.00000138,0.00013449,0.13462377
2017/8/25,zaif,BTC,ZAIF,SELL,97457,0.00000139,0,0.13546523
2017/8/26,zaif,BTC,ZAIF,BUY,579279,0.0000014,0,0.8109906
2017/8/26,zaif,JPY,ZAIF,SELL,124.5,0.6996,0,87.1002
2017/8/26,zaif,JPY,ZAIF,SELL,142857,0.6996,0,99942.7572
2017/8/26,zaif,JPY,ZAIF,SELL,79769,0.6996,0,55806.3924
2017/8/26,zaif,JPY,ZAIF,SELL,202830.5,0.6996,0,141900.2178
2017/8/26,zaif,JPY,ZAIF,SELL,135585.4,0.6996,0,94855.54584
2017/8/26,zaif,JPY,ZAIF,SELL,18113.5,0.6996,0,12672.2046
2017/8/26,zaif,JPY,ZAIF,BUY,614036.7,0.66,0,405264.222
2017/8/26,zaif,JPY,ZAIF,SELL,26133.2,0.94,0,24565.208
2017/8/26,zaif,JPY,ZAIF,SELL,587903.5,0.94,0,552629.29
2017/8/26,zaif,JPY,ZAIF,BUY,620639.2,0.93,0,577194.456
2017/8/27,zaif,JPY,ZAIF,SELL,224505.7,1.1,0,246956.27
2017/8/27,zaif,JPY,ZAIF,SELL,85855.9,1.1,0,94441.49
2017/8/27,zaif,JPY,ZAIF,SELL,310277.6,1.1,0,341305.36
2017/8/27,zaif,JPY,ZAIF,BUY,14835,1.9,0,28186.5
2017/8/27,zaif,JPY,ZAIF,BUY,164823.8,1.9,0,313165.22
2017/8/27,zaif,JPY,ZAIF,BUY,189639.7,1.8,0,341351.46
2017/8/27,zaif,BTC,ZAIF,SELL,100000,0.00000288,0,0.288
2017/8/27,zaif,BTC,ZAIF,SELL,20000,0.00000288,0,0.0576
2017/8/27,zaif,BTC,ZAIF,SELL,200000,0.00000288,0,0.576
2017/8/27,zaif,BTC,ZAIF,SELL,30924,0.00000288,0,0.08906112
2017/8/27,zaif,BTC,ZAIF,SELL,18374,0.00000288,0,0.05291712
2017/8/27,zaif,BTC,ZAIF,BUY,699722,0.00000152,0,1.06357744
2017/8/29,zaif,BTC,ZAIF,SELL,83915,0.00000202,0,0.1695083
2017/8/29,zaif,BTC,ZAIF,SELL,104286,0.00000202,0,0.21065772
2017/8/29,zaif,BTC,ZAIF,SELL,336486,0.00000202,0,0.67970172
2017/8/29,zaif,BTC,ZAIF,SELL,88605,0.00000202,0,0.1789821
2017/8/29,zaif,BTC,ZAIF,SELL,148,0.00000202,0,0.00029896
2017/8/29,zaif,BTC,ZAIF,SELL,89,0.00000202,0,0.00017978
2017/8/29,zaif,BTC,ZAIF,SELL,5000,0.00000202,0,0.0101
2017/8/29,zaif,BTC,ZAIF,SELL,2000,0.00000202,0,0.00404
2017/8/29,zaif,BTC,ZAIF,SELL,79193,0.00000202,0,0.15996986
2017/8/29,zaif,BTC,XEM,BUY,2030,0.0000645,0,0.130935
2017/8/29,zaif,BTC,XEM,BUY,4500,0.0000645,0,0.29025
2017/8/29,zaif,BTC,XEM,BUY,53,0.0000645,0,0.0034185
2017/8/29,zaif,BTC,XEM,BUY,17,0.0000645,0,0.0010965
2017/8/29,zaif,BTC,ZAIF,BUY,246934,0.000004,0,0.987736
2017/8/30,zaif,BTC,ZAIF,BUY,1,0.00000285,0,0.00000285
2017/8/30,zaif,BTC,ZAIF,SELL,20003,0.00000291,0,0.05820873
2017/8/30,zaif,BTC,ZAIF,SELL,47866,0.00000291,0,0.13929006
2017/8/30,zaif,BTC,ZAIF,SELL,179066,0.00000291,0,0.52108206
2017/8/30,zaif,BTC,ZAIF,BUY,70000,0.00000297,0,0.2079
2017/8/30,zaif,BTC,ZAIF,BUY,20000,0.00000297,0,0.0594
2017/8/30,zaif,BTC,ZAIF,BUY,151946,0.00000297,0,0.45127962
2017/8/31,zaif,BTC,XEM,SELL,6600,0.000068,0,0.4488
2017/8/31,zaif,BTC,ZAIF,BUY,1,0.0000025,0,0.0000025
2017/8/31,zaif,BTC,ZAIF,BUY,50000,0.0000025,0,0.125
2017/8/31,zaif,BTC,ZAIF,BUY,64530,0.0000025,0,0.161325
2017/8/31,zaif,BTC,ZAIF,BUY,64989,0.0000025,0,0.1624725
2017/9/5,zaif,JPY,ZAIF,SELL,0.1,1.4045,0,0.14045
2017/9/5,zaif,JPY,ZAIF,SELL,0.1,1.4045,0,0.14045
2017/9/5,zaif,JPY,ZAIF,SELL,0.1,1.4045,0,0.14045
2017/9/5,zaif,JPY,ZAIF,SELL,210732.9,1.4045,0,295974.3581
2017/9/5,zaif,JPY,ZAIF,BUY,41586.5,1.3799,0,57385.21135
2017/9/5,zaif,JPY,ZAIF,BUY,94063.4,1.38,0,129807.492
2017/9/5,zaif,JPY,ZAIF,BUY,78824.5,1.38,0,108777.81
2017/9/5,zaif,JPY,ZAIF,BUY,3,1.3798,0,4.1394
2017/9/7,zaif,JPY,ZAIF,SELL,100145,1.31,0,131189.95
2017/9/7,zaif,JPY,ZAIF,SELL,112460.3,1.31,0,147322.993
2017/9/7,zaif,JPY,ZAIF,SELL,63781.6,1.3305,0,84861.4188
2017/9/7,zaif,JPY,ZAIF,SELL,44647.1,1.34,0,59827.114
2017/9/7,zaif,JPY,ZAIF,SELL,7818.6,1.345,0,10516.017
2017/9/7,zaif,JPY,ZAIF,SELL,10465.9,1.345,0,14076.6355
2017/9/7,zaif,JPY,ZAIF,SELL,0.1,1.345,0,0.1345
2017/9/7,zaif,JPY,ZAIF,SELL,0.1,1.345,0,0.1345
2017/9/7,zaif,JPY,ZAIF,SELL,12968.3,1.345,0,17442.3635
2017/9/7,zaif,JPY,ZAIF,BUY,594.5,1.3,0,772.85
2017/9/7,zaif,JPY,ZAIF,BUY,146826.3,1.3,0,190874.19
2017/9/7,zaif,JPY,ZAIF,BUY,0.1,1.3,0,0.13
2017/9/7,zaif,JPY,ZAIF,BUY,91945,1.3,0,119528.5
2017/9/7,zaif,JPY,ZAIF,BUY,0.1,1.3,0,0.13
2017/9/7,zaif,JPY,ZAIF,BUY,29800.1,1.3,0,38740.13
2017/9/7,zaif,JPY,ZAIF,BUY,0.1,1.3,0,0.13
2017/9/7,zaif,JPY,ZAIF,BUY,4035.3,1.3,0,5245.89
2017/9/7,zaif,JPY,ZAIF,BUY,0.1,1.3,0,0.13
2017/9/7,zaif,JPY,ZAIF,BUY,74198.9,1.3,0,96458.57
2017/9/7,zaif,JPY,ZAIF,BUY,5612,1.3,0,7295.6
2017/9/7,zaif,JPY,ZAIF,BUY,10,1.3,0,13
2017/9/7,zaif,JPY,ZAIF,BUY,399.9,1.3,0,519.87
2017/9/7,zaif,JPY,ZAIF,BUY,0.1,1.3,0,0.13
2017/9/7,zaif,JPY,ZAIF,BUY,0.1,1.3,0,0.13
2017/9/7,zaif,JPY,ZAIF,BUY,4451.9,1.3,0,5787.47
2017/9/10,zaif,JPY,ZAIF,SELL,46389.7,0.9199,0,42673.88503
2017/9/10,zaif,JPY,ZAIF,SELL,1,0.9199,0,0.9199
2017/9/10,zaif,JPY,ZAIF,SELL,1,0.9199,0,0.9199
2017/9/10,zaif,JPY,ZAIF,SELL,25000,0.9199,0,22997.5
2017/9/10,zaif,JPY,ZAIF,SELL,1,0.9199,0,0.9199
2017/9/10,zaif,JPY,ZAIF,BUY,35421,0.8899,0,31521.1479
2017/9/10,zaif,JPY,ZAIF,BUY,37784,0.9039,0,34152.9576
2017/9/10,zaif,JPY,ZAIF,SELL,98906.7,0.87,0,86048.829
2017/9/10,zaif,JPY,ZAIF,SELL,97250.5,0.87,0,84607.935
2017/9/10,zaif,JPY,ZAIF,SELL,164381.2,0.87,0,143011.644
2017/9/10,zaif,JPY,ZAIF,SELL,1,0.87,0,0.87
2017/9/10,zaif,JPY,ZAIF,SELL,71770.7,0.87,0,62440.509
2017/9/10,zaif,JPY,ZAIF,SELL,300.4,0.87,0,261.348
2017/9/10,zaif,JPY,ZAIF,BUY,437640.9,0.86,0,376371.174
2017/9/11,zaif,JPY,ZAIF,SELL,67361.9,0.999,0,67294.5381
2017/9/11,zaif,JPY,ZAIF,SELL,11688.4,0.999,0,11676.7116
2017/9/11,zaif,JPY,ZAIF,SELL,358590.6,0.999,0,358232.0094
2017/9/11,zaif,JPY,ZAIF,BUY,441619.4,0.99,0,437203.206
2017/9/12,zaif,JPY,ZAIF,SELL,100,0.8701,0,87.01
2017/9/12,zaif,JPY,ZAIF,SELL,436714,0.8701,0,379984.8514
2017/9/12,zaif,JPY,ZAIF,SELL,4805.4,0.873,0,4195.1142
2017/9/12,zaif,JPY,ZAIF,BUY,30402.5,0.889,0,27027.8225
2017/9/12,zaif,JPY,ZAIF,BUY,5039.2,0.889,0,4479.8488
2017/9/12,zaif,JPY,ZAIF,BUY,357283.8,0.889,0,317625.2982
2017/9/12,zaif,JPY,ZAIF,BUY,39520,0.889,0,35133.28
2017/9/12,zaif,JPY,ZAIF,BUY,0.9,0.889,0,0.8001
2017/9/13,zaif,JPY,ZAIF,SELL,10526.5,0.8,0,8421.2
2017/9/13,zaif,JPY,ZAIF,SELL,60809.1,0.8,0,48647.28
2017/9/13,zaif,JPY,ZAIF,SELL,45449.6,0.8,0,36359.68
2017/9/13,zaif,JPY,ZAIF,SELL,170696.6,0.8,0,136557.28
2017/9/13,zaif,JPY,ZAIF,SELL,0.1,0.8,0,0.08
2017/9/13,zaif,JPY,ZAIF,SELL,38959.1,0.8,0,31167.28
2017/9/13,zaif,JPY,ZAIF,SELL,105805.4,0.8,0,84644.32
2017/9/13,zaif,JPY,ZAIF,BUY,1347.3,0.795,0,1071.1035
2017/9/13,zaif,JPY,ZAIF,BUY,420259.2,0.795,0,334106.064
2017/9/13,zaif,JPY,ZAIF,BUY,13358.4,0.795,0,10619.928
2017/9/14,zaif,JPY,ZAIF,SELL,434964.9,0.63,0,274027.887
2017/9/14,zaif,JPY,ZAIF,BUY,456713.2,0.6,0,274027.92
2017/9/14,zaif,JPY,ZAIF,SELL,456713.2,0.528,0,241144.5696
2017/9/15,zaif,JPY,ZAIF,BUY,463739.5,0.52,0,241144.54
2017/9/15,zaif,JPY,ZAIF,SELL,248833.4,0.49,0,121928.366
2017/9/15,zaif,JPY,ZAIF,SELL,89.5,0.49,0,43.855
2017/9/15,zaif,JPY,ZAIF,SELL,95805.9,0.49,0,46944.891
2017/9/15,zaif,JPY,ZAIF,SELL,119010.7,0.49,0,58315.243
2017/9/15,zaif,JPY,ZAIF,BUY,239595.8,0.4007,0,96006.03706
2017/9/15,zaif,JPY,ZAIF,BUY,327329.4,0.4009,0,131226.3565
2017/9/15,zaif,JPY,ZAIF,SELL,36927,0.47,0,17355.69
2017/9/15,zaif,JPY,ZAIF,SELL,202668.8,0.47,0,95254.336
2017/9/15,zaif,JPY,ZAIF,SELL,139844.1,0.47,0,65726.727
2017/9/15,zaif,JPY,ZAIF,SELL,130000,0.47,0,61100
2017/9/15,zaif,JPY,ZAIF,SELL,1000,0.47,0,470
2017/9/15,zaif,JPY,ZAIF,SELL,37177.6,0.47,0,17473.472
2017/9/15,zaif,JPY,ZAIF,SELL,19307.7,0.47,0,9074.619
2017/9/15,zaif,JPY,ZAIF,BUY,512413.1,0.52,0,266454.812
2017/9/16,zaif,JPY,ZAIF,SELL,12602.8,0.73,0,9200.044
2017/9/16,zaif,JPY,ZAIF,SELL,456000,0.73,0,332880
2017/9/16,zaif,JPY,ZAIF,SELL,19867.3,0.73,0,14503.129
2017/9/16,zaif,JPY,ZAIF,SELL,733.9,0.73,0,535.747
2017/9/16,zaif,JPY,ZAIF,SELL,23209.1,0.73,0,16942.643
2017/9/16,zaif,JPY,ZAIF,BUY,12602.8,0.71,0,8947.988
2017/9/16,zaif,JPY,ZAIF,BUY,456000,0.71,0,323760
2017/9/16,zaif,JPY,ZAIF,BUY,19867.3,0.71,0,14105.783
2017/9/16,zaif,JPY,ZAIF,BUY,733.9,0.71,0,521.069
2017/9/16,zaif,JPY,ZAIF,BUY,23209.1,0.71,0,16478.461
2017/9/16,zaif,JPY,ZAIF,BUY,15071,0.68,0,10248.28
2017/9/16,zaif,JPY,ZAIF,SELL,777.7,0.685,0,532.7245
2017/9/16,zaif,JPY,ZAIF,SELL,20745.6,0.685,0,14210.736
2017/9/16,zaif,JPY,ZAIF,SELL,134194.6,0.685,0,91923.301
2017/9/16,zaif,JPY,ZAIF,SELL,371766.2,0.685,0,254659.847
2017/9/16,zaif,JPY,ZAIF,BUY,296.9,0.6787,0,201.50603
2017/9/16,zaif,JPY,ZAIF,BUY,104700,0.68,0,71196
2017/9/16,zaif,JPY,ZAIF,BUY,100000,0.68,0,68000
2017/9/16,zaif,JPY,ZAIF,BUY,12797.3,0.68,0,8702.164
2017/9/16,zaif,JPY,ZAIF,BUY,18314,0.68,0,12453.52
2017/9/16,zaif,JPY,ZAIF,BUY,189110.6,0.68,0,128595.208
2017/9/16,zaif,JPY,ZAIF,BUY,106143.8,0.68,0,72177.784
2017/9/16,zaif,JPY,ZAIF,SELL,114023.7,0.69,0,78676.353
2017/9/16,zaif,JPY,ZAIF,SELL,20797.5,0.69,0,14350.275
2017/9/16,zaif,JPY,ZAIF,SELL,298482,0.69,0,205952.58
2017/9/16,zaif,JPY,ZAIF,SELL,29560.9,0.69,0,20397.021
2017/9/16,zaif,JPY,ZAIF,SELL,68498.5,0.69,0,47263.965
2017/9/16,zaif,JPY,ZAIF,BUY,541486.6,0.6771,0,366640.5769
2017/9/16,zaif,JPY,ZAIF,SELL,541486.6,0.65,0,351966.29
2017/9/16,zaif,JPY,ZAIF,BUY,129629.7,0.7,0,90740.79
2017/9/16,zaif,JPY,ZAIF,BUY,50000,0.7,0,35000
2017/9/16,zaif,JPY,ZAIF,BUY,217221.4,0.7,0,152054.98
2017/9/16,zaif,JPY,ZAIF,BUY,105957.9,0.7,0,74170.53
2017/9/17,zaif,JPY,ZAIF,SELL,341663.1,0.695,0,237455.8545
2017/9/17,zaif,JPY,ZAIF,SELL,20846.7,0.695,0,14488.4565
2017/9/17,zaif,JPY,ZAIF,SELL,8497.2,0.695,0,5905.554
2017/9/17,zaif,JPY,ZAIF,SELL,10,0.695,0,6.95
2017/9/17,zaif,JPY,ZAIF,BUY,270617.6,0.689,0,186455.5264
2017/9/17,zaif,JPY,ZAIF,SELL,131792,0.695,0,91595.44
2017/9/17,zaif,JPY,ZAIF,BUY,236158.7,0.6902,0,162996.7347
2017/9/17,zaif,JPY,ZAIF,SELL,8916.8,0.7001,0,6242.65168
2017/9/17,zaif,JPY,ZAIF,SELL,333.3,0.7001,0,233.34333
2017/9/17,zaif,JPY,ZAIF,SELL,444.4,0.7001,0,311.12444
2017/9/17,zaif,JPY,ZAIF,SELL,555.5,0.7001,0,388.90555
2017/9/17,zaif,JPY,ZAIF,SELL,0.1,0.7001,0,0.07001
2017/9/17,zaif,JPY,ZAIF,BUY,8916.8,0.695,0,6197.176
2017/9/17,zaif,JPY,ZAIF,BUY,333.3,0.695,0,231.6435
2017/9/17,zaif,JPY,ZAIF,BUY,444.4,0.695,0,308.858
2017/9/17,zaif,JPY,ZAIF,BUY,555.5,0.695,0,386.0725
2017/9/17,zaif,JPY,ZAIF,BUY,0.1,0.695,0,0.0695
2017/9/17,zaif,JPY,ZAIF,BUY,75.4,0.6938,0,52.31252
2017/9/17,zaif,JPY,ZAIF,SELL,144846.7,0.7,101.39269,101494.0827
2017/9/17,zaif,JPY,ZAIF,SELL,0.1,0.7,0,0.07
2017/9/17,zaif,JPY,ZAIF,BUY,144846.7,0.695,0,100668.4565
2017/9/17,zaif,JPY,ZAIF,BUY,0.1,0.695,0,0.0695
2017/9/17,zaif,JPY,ZAIF,SELL,91375.3,0.7,0,63962.71
2017/9/17,zaif,JPY,ZAIF,SELL,1,0.7,0,0.7
2017/9/17,zaif,JPY,ZAIF,SELL,7791,0.7,0,5453.7
2017/9/17,zaif,JPY,ZAIF,SELL,20913.7,0.7,0,14639.59
2017/9/17,zaif,JPY,ZAIF,SELL,600,0.7,0,420
2017/9/17,zaif,JPY,ZAIF,SELL,3823.7,0.7,0,2676.59
2017/9/17,zaif,JPY,ZAIF,SELL,96153,0.7,0,67307.1
2017/9/17,zaif,JPY,ZAIF,SELL,11,0.7,0,7.7
2017/9/17,zaif,JPY,ZAIF,SELL,0.1,0.7,0,0.07
2017/9/17,zaif,JPY,ZAIF,SELL,222,0.7,0,155.4
2017/9/17,zaif,JPY,ZAIF,SELL,180,0.7,0,126
2017/9/17,zaif,JPY,ZAIF,SELL,1,0.7,0,0.7
2017/9/17,zaif,JPY,ZAIF,SELL,34234.1,0.7,0,23963.87
2017/9/17,zaif,JPY,ZAIF,SELL,0.1,0.7,0,0.07
2017/9/17,zaif,JPY,ZAIF,SELL,251545.7,0.7,0,176081.99
2017/9/17,zaif,JPY,ZAIF,BUY,258001.8,0.6951,0,179337.0512
2017/9/17,zaif,JPY,ZAIF,BUY,130350.8,0.6951,0,90606.84108
2017/9/17,zaif,JPY,ZAIF,BUY,8327.8,0.6951,0,5788.65378
2017/9/17,zaif,JPY,ZAIF,BUY,35562.6,0.6951,0,24719.56326
2017/9/17,zaif,JPY,ZAIF,SELL,413613.4,0.71,0,293665.514
2017/9/17,zaif,JPY,ZAIF,SELL,18629.6,0.71,0,13227.016
2017/9/17,zaif,JPY,ZAIF,BUY,21254.3,0.74,0,15728.182
2017/9/17,zaif,JPY,ZAIF,BUY,189798.7,0.74,0,140451.038
2017/9/17,zaif,JPY,ZAIF,BUY,7965.6,0.74,0,5894.544
2017/9/17,zaif,JPY,ZAIF,BUY,88094.5,0.74,0,65189.93
2017/9/17,zaif,JPY,ZAIF,BUY,61665.1,0.74,0,45632.174
2017/9/17,zaif,JPY,ZAIF,BUY,120221,0.74,0,88963.54
2017/9/17,zaif,JPY,ZAIF,SELL,76722.3,0.725,55.6236675,55679.29117
2017/9/17,zaif,JPY,ZAIF,SELL,64417.4,0.725,0,46702.615
2017/9/17,zaif,JPY,ZAIF,SELL,1500,0.725,0,1087.5
2017/9/17,zaif,JPY,ZAIF,SELL,0.1,0.725,0,0.0725
2017/9/17,zaif,JPY,ZAIF,SELL,7780.5,0.725,0,5640.8625
2017/9/17,zaif,JPY,ZAIF,SELL,52187.6,0.725,0,37836.01
2017/9/17,zaif,JPY,ZAIF,SELL,30053.3,0.725,0,21788.6425
2017/9/17,zaif,JPY,ZAIF,SELL,256338,0.725,0,185845.05
2017/9/17,zaif,JPY,ZAIF,BUY,429520.1,0.7205,0,309469.2321
2017/9/17,zaif,JPY,ZAIF,BUY,16537.7,0.7205,0,11915.41285
2017/9/17,zaif,JPY,ZAIF,BUY,45918.3,0.7205,0,33084.13515
2017/9/17,zaif,JPY,ZAIF,SELL,8666.5,0.707,0,6127.2155
2017/9/17,zaif,JPY,ZAIF,SELL,0.1,0.707,0,0.0707
2017/9/17,zaif,JPY,ZAIF,SELL,483309.5,0.707,0,341699.8165
2017/9/18,zaif,JPY,ZAIF,BUY,176159,0.8,0,140927.2
2017/9/18,zaif,JPY,ZAIF,BUY,258624.9,0.8,0,206899.92
2017/9/18,zaif,JPY,ZAIF,SELL,217391.9,0.858,0,186522.2502
2017/9/18,zaif,JPY,ZAIF,BUY,13177.9,0.852,0,11227.5708
2017/9/18,zaif,JPY,ZAIF,BUY,205744.9,0.852,0,175294.6548
2017/9/21,zaif,JPY,ZAIF,SELL,777.7,0.89,0,692.153
2017/9/21,zaif,JPY,ZAIF,SELL,20627.8,0.89,0,18358.742
2017/9/21,zaif,JPY,ZAIF,SELL,777.7,0.89,0,692.153
2017/9/21,zaif,JPY,ZAIF,SELL,108711.2,0.89,0,96752.968
2017/9/21,zaif,JPY,ZAIF,BUY,129440.1,0.9,0,116496.09
2017/9/25,zaif,JPY,ZAIF,SELL,49,0.926,0.045374,45.419374
2017/9/25,zaif,JPY,CICC,BUY,5.037,9,0,45.333
2017/9/25,zaif,JPY,ZAIF,SELL,26,0.9315,0.024219,24.243219
2017/9/25,zaif,JPY,ZAIF,SELL,0.5,0.9325,0.00046625,0.46671625
2017/9/25,zaif,JPY,XEM,BUY,1,24.63,0.001,24.631
2017/9/25,zaif,JPY,ZAIF,SELL,0.1,0.9325,0.00009325,0.09334325
2017/9/25,zaif,JPY,ZAIF,SELL,7,0.9325,0.0065275,6.5340275
2017/9/25,zaif,JPY,ZAIF,SELL,4.9,0.9325,0.00456925,4.57381925
2017/9/25,zaif,JPY,PEPECASH,BUY,9.8763,1.135,0.00098763,11.21058813
2017/9/28,zaif,JPY,PEPECASH,SELL,9.8753,1.3,0,12.83789
2017/9/29,zaif,JPY,ZAIF,BUY,13.9,0.92,0,12.788
2017/10/2,zaif,JPY,ZAIF,SELL,434786.9,0.4001,173.9582387,174132.1969
2017/10/2,zaif,JPY,ZAIF,BUY,93017.1,0.75,0,69762.825
2017/10/2,zaif,JPY,ZAIF,BUY,20000,0.75,0,15000
2017/10/2,zaif,JPY,ZAIF,BUY,10345.9,0.75,0,7759.425
2017/10/2,zaif,JPY,ZAIF,BUY,157.8,0.75,0,118.35
2017/10/2,zaif,JPY,ZAIF,BUY,50000,0.75,0,37500
2017/10/2,zaif,JPY,ZAIF,BUY,58160.7,0.75,0,43620.525
2017/10/2,zaif,JPY,ZAIF,SELL,231681.5,0.8,0,185345.2
2017/10/2,zaif,JPY,ZAIF,BUY,231710.5,0.8,0,185368.4
2017/10/2,zaif,JPY,ZAIF,SELL,80275.4,0.899,0,72167.5846
2017/10/2,zaif,JPY,ZAIF,SELL,10000,0.899,0,8990
2017/10/2,zaif,JPY,ZAIF,SELL,169.9,0.899,0,152.7401
2017/10/2,zaif,JPY,ZAIF,BUY,47273.4,0.86,0,40655.124
2017/10/2,zaif,JPY,ZAIF,BUY,47829.6,0.85,0,40655.16
2017/10/2,zaif,JPY,ZAIF,SELL,145810.5,0.839,122.3350095,122457.3445
2017/10/2,zaif,JPY,ZAIF,SELL,90557.7,0.839,0,75977.9103
2017/10/2,zaif,JPY,ZAIF,BUY,246199.5,0.805,0,198190.5975
2017/10/2,zaif,JPY,ZAIF,SELL,244260.2,0.822,0,200781.8844
2017/10/2,zaif,JPY,ZAIF,SELL,1939.3,0.822,0,1594.1046
2017/10/2,zaif,JPY,ZAIF,BUY,252970,0.8,0,202376
2017/10/2,zaif,JPY,ZAIF,SELL,252970,0.84,0,212494.8
2017/10/2,zaif,JPY,ETH,BUY,2,34610,0,69220
2017/10/2,zaif,JPY,ETH,BUY,0.01,34975,0.00001,349.75001
2017/10/2,zaif,JPY,ETH,BUY,0.01,34975,0.00001,349.75001
2017/10/2,zaif,JPY,ZAIF,BUY,2905.1,0.766,0,2225.3066
2017/10/2,zaif,JPY,ZAIF,SELL,667.2,0.77,0,513.744
2017/10/2,zaif,JPY,ZAIF,SELL,2237.9,0.77,0,1723.183
2017/10/2,zaif,JPY,ETH,SELL,0.0099,35005,0.3465495,346.8960495
2017/10/2,zaif,JPY,MONA,BUY,45,57.1,0,2569.5
2017/10/3,zaif,JPY,ZAIF,BUY,16.8,0.8101,0,13.60968
2017/10/3,zaif,BTC,MONA,SELL,1,0.00010957,0,0.00010957
2017/10/3,zaif,BTC,MONA,SELL,44,0.00010957,0,0.00482108
2017/10/3,zaif,BTC,XEM,SELL,1,0.00005282,0.00000005,0.00005287
2017/10/3,zaif,BTC,ZAIF,SELL,16,0.0000016,0.00000003,0.00002563
2017/10/3,zaif,BTC,CICC,SELL,5,0.00001101,0.00000006,0.00005511
2017/10/12,zaif,JPY,XEM,BUY,400,23.8502,0,9540.08
2017/10/12,zaif,JPY,MONA,BUY,40,250,0,10000
2017/10/12,zaif,JPY,MONA,SELL,40,251,0,10040
2017/10/12,zaif,JPY,ZAIF,SELL,0.8,0.495,0.000396,0.396396
2017/10/12,zaif,JPY,XEM,BUY,400,23.2,0,9280
2017/10/13,zaif,JPY,XEM,SELL,0.5,23.15,0.011575,11.586575
2017/10/13,zaif,JPY,BTC,BUY,0.05,599000,0,29950
2017/10/13,zaif,JPY,MONA,BUY,3,412,0,1236
2017/10/13,zaif,JPY,PEPECASH,BUY,7.8525,6,0.00078525,47.11578525
2017/10/13,zaif,JPY,PEPECASH,SELL,7.8517,5.9,0.0046325,46.3296625
2017/10/13,zaif,JPY,ZAIF,BUY,81.9,0.5629,0,46.10151
2017/10/13,zaif,BTC,ZAIF,BUY,72,0.00000091,0,0.00006552
2017/10/16,zaif,BTC,ETH,BUY,0.9611,0.0618,0,0.05939598
2017/10/17,zaif,BTC,ETH,SELL,0.5,0.0581,0,0.02905
2017/10/18,zaif,BTC,ETH,BUY,0.1,0.0563,0,0.00563
2017/10/18,zaif,BTC,ETH,BUY,0.1,0.0563,0,0.00563
2017/10/18,zaif,BTC,ETH,BUY,0.1,0.0563,0,0.00563
2017/10/18,zaif,BTC,ETH,BUY,0.1,0.0563,0,0.00563
2017/10/18,zaif,BTC,ETH,BUY,0.116,0.0563,0,0.0065308
2017/10/18,zaif,JPY,ZAIF,BUY,5.9,0.5396,0,3.18364
2017/10/18,zaif,JPY,ETH,BUY,0.049,33985,0.000049,1665.265049
2017/10/18,zaif,JPY,ETH,BUY,1.0078,33900,0,34164.42
2017/10/18,zaif,JPY,ETH,BUY,0.2,33650,0,6730
2017/10/18,zaif,BTC,ZAIF,BUY,3,0.00000087,0,0.00000261
2017/10/18,zaif,JPY,ETH,BUY,0.1,33620,0,3362
2017/10/19,zaif,JPY,MONA,BUY,27,280,0,7560
2017/10/19,zaif,JPY,MONA,SELL,1,313.1,0,313.1
2017/10/19,zaif,JPY,MONA,SELL,1,313.1,0,313.1
2017/10/19,zaif,JPY,MONA,SELL,1,313.1,0,313.1
2017/10/19,zaif,JPY,MONA,SELL,27,313.1,0,8453.7
2017/10/19,zaif,JPY,XEM,BUY,372,25.8987,0.372,9634.6884
2017/10/19,zaif,JPY,XEM,BUY,500,25.88,0.5,12940.5
2017/10/19,zaif,JPY,XEM,BUY,128,25.8888,0.128,3313.8944
2017/10/19,zaif,JPY,ZAIF,SELL,162.8,0.5165,0.0840862,84.1702862
2017/10/19,zaif,JPY,CICC,SELL,0.037,12.84,0.00047508,0.47555508
2017/10/19,zaif,JPY,XEM,BUY,4,25.89,0.004,103.564
2017/10/19,zaif,JPY,XEM,BUY,0.1,25.81,0.0001,2.5811
2017/10/19,zaif,JPY,PEPECASH,BUY,0.6,2.5989,0.00006,1.5594
2017/10/19,zaif,JPY,PEPECASH,BUY,0.01,2.5989,0.000001,0.02599
2017/10/20,zaif,JPY,ZAIF,BUY,2.5,0.6,0,1.5
2017/10/21,zaif,JPY,ZAIF,BUY,19047.6,0.525,0,9999.99
2017/10/21,zaif,JPY,ZAIF,SELL,5,0.528,0.00264,2.64264
2017/10/21,zaif,JPY,ZAIF,SELL,7.7,0.528,0,4.0656
2017/10/21,zaif,JPY,ZAIF,SELL,2.2,0.528,0,1.1616
2017/10/21,zaif,JPY,ZAIF,SELL,605,0.528,0,319.44
2017/10/21,zaif,JPY,ZAIF,SELL,13.2,0.528,0,6.9696
2017/10/21,zaif,JPY,ZAIF,SELL,13.6,0.528,0,7.1808
2017/10/21,zaif,JPY,ZAIF,SELL,11.4,0.528,0,6.0192
2017/10/21,zaif,JPY,ZAIF,SELL,13,0.528,0,6.864
2017/10/21,zaif,JPY,ZAIF,SELL,7.6,0.528,0,4.0128
2017/10/21,zaif,JPY,ZAIF,SELL,8.2,0.528,0,4.3296
2017/10/21,zaif,JPY,ZAIF,SELL,6,0.528,0,3.168
2017/10/21,zaif,JPY,ZAIF,SELL,5.3,0.528,0,2.7984
2017/10/21,zaif,JPY,ZAIF,SELL,18351.9,0.526,9.6530994,9662.752499
2017/10/21,zaif,JPY,PEPECASH,SELL,0.6099,2.8001,0.00017078,1.70795177
2017/10/21,zaif,JPY,ZAIF,BUY,19183.5,0.522,0,10013.787
2017/10/24,zaif,JPY,ZAIF,SELL,19183.5,0.507,9.7260345,9735.760535
2017/10/24,zaif,JPY,XEM,SELL,500,23.5,0,11750
2017/10/25,zaif,JPY,ETH,BUY,0.1,33600,0,3360
2017/10/25,zaif,JPY,ETH,BUY,0.1,33300,0,3330
2017/10/25,zaif,JPY,ETH,BUY,0.1,33000,0,3300
2017/10/25,zaif,JPY,ETH,BUY,0.1,33395,0.0001,3339.5001
2017/10/25,zaif,JPY,ETH,BUY,0.02,33395,0.00002,667.90002
2017/10/25,zaif,JPY,BCH,BUY,0.2,37300,0,7460
2017/10/29,zaif,JPY,BCH,SELL,0.2,57500,0,11500
2017/10/29,zaif,JPY,BCH,BUY,0.1063,57500,0,6112.25
2017/10/29,zaif,JPY,BCH,BUY,0.0937,57500,0,5387.75
2017/11/2,zaif,JPY,XEM,BUY,500,19.5,0,9750
2017/11/2,zaif,JPY,ETH,BUY,0.2,32700,0,6540
2017/11/2,zaif,JPY,ETH,BUY,0.0111,32275,0,358.2525
2017/11/3,zaif,BTC,XEM,SELL,860,0.00002325,0.00002,0.020015
2017/11/3,zaif,BTC,BCH,BUY,0.0731,0.091,0.0002193,0.0068714
2017/11/3,zaif,BTC,BCH,BUY,0.1464,0.091,0.0004392,0.0137616
2017/11/3,zaif,JPY,XEM,SELL,24.1,19.5,0.46995,470.41995
2017/11/3,zaif,JPY,XEM,SELL,918.9,19.5,17.91855,17936.46855
2017/11/3,zaif,JPY,BCH,BUY,0.2245,75295,0.0006735,16903.72817
2017/11/3,zaif,JPY,BCH,BUY,0.0641,75295,0,4826.4095
2017/11/3,zaif,JPY,XEM,SELL,0.1,19.501,0.0019501,1.9520501
2017/11/11,zaif,BTC,ZAIF,BUY,2,0.0000006,0,0.0000012
2017/11/11,zaif,JPY,ZAIF,SELL,2,0.43,0.00086,0.86086
2017/11/19,zaif,JPY,BCH,SELL,0.4672,140010,196.238016,65608.91002
2017/11/19,zaif,JPY,BCH,SELL,0.05,140010,21.0015,7021.5015
2017/11/19,zaif,JPY,BCH,SELL,0.3,140010,126.009,42129.009
2017/11/19,zaif,JPY,BCH,SELL,0.5339,140005,224.2460085,74972.91551
2017/11/19,zaif,JPY,ETH,BUY,0.1315,39200,0.0001315,5154.800132
2017/11/19,zaif,JPY,ETH,BUY,0.0001,39200,0.0000001,3.9200001
2017/11/19,zaif,JPY,ETH,BUY,1,39300,0.001,39300.001
2017/11/19,zaif,JPY,ETH,BUY,2.4371,39300,0.0024371,95778.03244
2017/11/19,zaif,JPY,ETH,BUY,1.2306,39300,0.0012306,48362.58123
2017/11/21,zaif,JPY,BCH,SELL,1.4407,132100,570.94941,190887.4194
2017/11/21,zaif,JPY,BCH,BUY,1.4266,133005,0,189744.933
2017/11/22,zaif,JPY,BCH,SELL,0.42,140000,0,58800
2017/11/22,zaif,JPY,BCH,BUY,0.0485,140000,0,6790
2017/11/22,zaif,JPY,BCH,BUY,0.3715,140000,0,52010
2017/11/23,zaif,JPY,BCH,SELL,0.3,173700,156.33,52266.33
2017/11/23,zaif,JPY,BCH,SELL,0.1,173655,52.0965,17417.5965
2017/11/23,zaif,JPY,BTC,BUY,0.0537,902450,0,48461.565
2017/11/23,zaif,JPY,BTC,BUY,0.023,902480,0,20757.04
2017/11/24,zaif,JPY,ZAIF,BUY,120,0.447,0,53.64
2017/11/24,zaif,JPY,BCH,SELL,0.0105,186800,5.8842,1967.2842
2017/11/24,zaif,JPY,BCH,SELL,0.0038,186750,2.12895,711.77895
2017/11/24,zaif,JPY,BCH,SELL,0.1189,186735,66.6083745,22269.39987
2017/11/24,zaif,JPY,BCH,SELL,0.1668,186705,93.427182,31235.82118
2017/11/24,zaif,JPY,ETH,BUY,1.2201,45775,0.0012201,55850.07872
2017/11/24,zaif,JPY,ETH,SELL,1.2188,46500,56.6742,56730.8742
2017/11/24,zaif,JPY,BCH,BUY,0.0798,183990,0.0002394,14682.40224
2017/11/24,zaif,JPY,BCH,BUY,0.2279,183990,0.0006837,41931.32168
2017/11/24,zaif,JPY,ZAIF,SELL,120,0.499,0.05988,59.93988
2017/11/24,zaif,JPY,BCH,BUY,0.0003,183600,0.0000009,55.0800009
2017/12/4,zaif,JPY,MOSAIC.CMS,SELL,24.5372,110,0,2699.092
2017/12/4,zaif,JPY,BCH,BUY,0.0156,173000,0.0000468,2698.800047
2017/12/8,zaif,JPY,PEPECASH,BUY,0.6163,17,0.00006163,10.47716163
2017/12/8,zaif,JPY,PEPECASH,SELL,0.0009,25.9999,0.00000234,0.02340225
2017/12/8,zaif,JPY,PEPECASH,SELL,0.6154,25.4101,0.00156374,15.63893928
2017/12/8,zaif,JPY,ZAIF,BUY,16.8,0.9399,0,15.79032
2017/12/11,zaif,JPY,BTC,BUY,0.0102,1942805,0,19816.611
2017/12/11,zaif,JPY,ZAIF,SELL,16.8,1.157,0.0194376,19.4570376
2017/12/11,zaif,JPY,BTC,BUY,0.0001,1922080,0,192.208
2017/12/11,zaif,BTC,ZAIF,BUY,8153,0.00000065,0,0.00529945
2017/12/11,zaif,JPY,ZAIF,SELL,0.5,1.1589,0.00057945,0.58002945
2017/12/11,zaif,JPY,ZAIF,SELL,1.1,1.1575,0.00127325,1.27452325
2017/12/11,zaif,JPY,ZAIF,SELL,8151.4,1.1561,9.42383354,9433.257374
2017/12/11,zaif,JPY,PEPECASH,BUY,301.7833,13.8598,0.03017833,4182.68636
2017/12/11,zaif,JPY,PEPECASH,BUY,378.3737,13.8599,0.03783737,5244.259482
2017/12/11,zaif,JPY,PEPECASH,SELL,10,13.7006,0.0137006,137.0197006
2017/12/11,zaif,JPY,PEPECASH,SELL,670.0889,13.7004,0.9180486,9181.404014
2017/12/11,zaif,JPY,XEM,BUY,3.1834,49.73,0.0031834,158.3136654
2017/12/11,zaif,JPY,XEM,BUY,25.0244,49.73,0.0250244,1244.488436
2017/12/11,zaif,JPY,XEM,BUY,25.0119,49.73,0.0250119,1243.866799
2017/12/11,zaif,JPY,XEM,BUY,24.9995,49.73,0.0249995,1243.250135
2017/12/11,zaif,JPY,XEM,SELL,78,49.73,3.87894,3882.81894
2017/12/11,zaif,JPY,ETH,BUY,0.1728,53800,0.0001728,9296.640173
2017/12/11,zaif,JPY,ETH,SELL,0.0186,53900,1.00254,1003.54254
2017/12/11,zaif,JPY,ETH,SELL,0.01,53900,0,539
2017/12/11,zaif,JPY,ETH,SELL,0.1441,53885,7.7648285,7772.593329
2017/12/11,zaif,JPY,BTC,BUY,0.0048,1925410,0,9241.968
2017/12/11,zaif,JPY,ZAIF,BUY,50.6,1.2,0,60.72
2017/12/12,zaif,JPY,ZAIF,BUY,4.8,1.3499,0,6.47952
2017/12/12,zaif,JPY,BTC,SELL,0.0042,1939075,0,8144.115
2017/12/12,zaif,JPY,BTC,SELL,0.0051,1939035,0,9889.0785
2017/12/12,zaif,JPY,MOSAIC.CMS,BUY,107.1497,168.3,0.1071497,18033.40166
2017/12/12,zaif,JPY,ZAIF,SELL,55.4,1.392,0.0771168,77.1939168
2017/12/12,zaif,JPY,XEM,BUY,1,56.7031,0.001,56.7041
2017/12/12,zaif,JPY,MOSAIC.CMS,SELL,107.0425,182,0,19481.735
2017/12/12,zaif,JPY,BTC,BUY,0.01,1943830,0,19438.3
2017/12/12,zaif,JPY,XEM,BUY,1,56.45,0.001,56.451
2017/12/12,zaif,JPY,XEM,SELL,2,57.3,0.1146,114.7146
2017/12/12,zaif,JPY,XEM,SELL,0.1,57.5,0.00575,5.75575
2017/12/12,zaif,JPY,BTC,SELL,0.01,1921695,0,19216.95
2017/12/12,zaif,JPY,MOSAIC.CMS,BUY,79.457,192,0.079457,15255.82346
2017/12/12,zaif,JPY,MOSAIC.CMS,BUY,21.2956,192,0,4088.7552
2017/12/12,zaif,JPY,MOSAIC.CMS,SELL,50,225,0,11250
2017/12/12,zaif,JPY,MOSAIC.CMS,SELL,50.6731,225,0,11401.4475
2017/12/12,zaif,JPY,ZAIF,BUY,16850.5,1.25,0,21063.125
2017/12/12,zaif,JPY,ZAIF,BUY,1270.6,1.25,0,1588.25
2017/12/13,zaif,JPY,ZAIF,SELL,0.2,1.2541,0.00025082,0.25107082
2017/12/13,zaif,JPY,ZAIF,SELL,7799.8,1.2541,9.78172918,9791.510909
2017/12/13,zaif,JPY,ZAIF,BUY,141.9,1.2543,0,177.98517
2017/12/13,zaif,JPY,BTC,BUY,0.0048,1962010,0,9417.648
2017/12/13,zaif,JPY,ZAIF,BUY,140.7,1.2549,0,176.56443
2017/12/13,zaif,JPY,ZAIF,SELL,1998.9,1.2797,2.55799233,2560.550322
2017/12/13,zaif,JPY,ZAIF,SELL,2000,1.2797,0,2559.4
2017/12/13,zaif,JPY,ZAIF,SELL,10,1.2797,0,12.797
2017/12/13,zaif,JPY,ZAIF,SELL,600,1.2797,0,767.82
2017/12/13,zaif,JPY,ZAIF,SELL,5,1.2797,0,6.3985
2017/12/13,zaif,JPY,ZAIF,SELL,5989.8,1.2797,0,7665.14706
2017/12/13,zaif,JPY,MOSAIC.CMS,BUY,18.7159,310,0.0187159,5801.947716
2017/12/13,zaif,JPY,MOSAIC.CMS,BUY,25.8829,300.01,0.0258829,7765.154712
2017/12/13,zaif,JPY,MOSAIC.CMS,SELL,44.5542,308,13.7226936,13736.41629
2017/12/13,zaif,JPY,BTC,BUY,0.0071,1911020,0,13568.242
2017/12/13,zaif,JPY,ZAIF,BUY,122.2,1.3199,0,161.29178
2017/12/14,zaif,JPY,BTC,SELL,0.007,1903700,0,13325.9
2017/12/14,zaif,JPY,BTC,SELL,0.0001,1903700,0,190.37
2017/12/14,zaif,JPY,XEM,BUY,16.3,61.5,0.0163,1002.4663
2017/12/14,zaif,JPY,XEM,BUY,202.7,61.5,0,12466.05
2017/12/14,zaif,JPY,XEM,SELL,11.1,61.97,0.687867,688.554867
2017/12/14,zaif,JPY,XEM,SELL,11.1,61.91,0.687201,687.888201
2017/12/14,zaif,JPY,XEM,SELL,196.8,61.91,0,12183.888
2017/12/14,zaif,JPY,BTC,BUY,0.0071,1897340,0,13471.114
2017/12/14,zaif,JPY,BTC,SELL,0.0071,1897190,0,13470.049
2017/12/14,zaif,JPY,PEPECASH,BUY,566.3986,11.1795,0.05663986,6332.109789
2017/12/14,zaif,JPY,PEPECASH,BUY,651.5575,11.1795,0,7284.087071
2017/12/14,zaif,JPY,PEPECASH,SELL,349.9975,11.55,0.40424711,4042.875372
2017/12/14,zaif,JPY,PEPECASH,SELL,151.6898,11.55,0.17520172,1752.192392
2017/12/14,zaif,JPY,PEPECASH,SELL,0.0008,11.55,0,0.00924
2017/12/14,zaif,JPY,PEPECASH,SELL,716.2114,11.5,0,8236.4311
2017/12/14,zaif,JPY,MOSAIC.CMS,BUY,34.0542,412,0.0340542,14030.36445
2017/12/14,zaif,JPY,ZAIF,SELL,122.2,1.344,0.1642368,164.4010368
2017/12/17,zaif,JPY,MOSAIC.CMS,SELL,10,370,3.7,3703.7
2017/12/17,zaif,JPY,MOSAIC.CMS,SELL,24.0201,369.04,8.8643777,8873.242082
2017/12/17,zaif,JPY,ZAIF,BUY,3731.3,3.41,0,12723.733
2017/12/20,zaif,JPY,ZAIF,SELL,3731.3,2.438,9.0969094,9106.006309
2017/12/20,zaif,JPY,XCP,BUY,2.2,4098,0,9015.6
2017/12/20,zaif,JPY,XCP,SELL,1,4098,0,4098
2017/12/20,zaif,JPY,XCP,SELL,1.2,4098,0,4917.6
2017/12/20,zaif,JPY,XEM,BUY,86,105,0,9030
2017/12/20,zaif,JPY,XEM,SELL,86,116,0,9976
2017/12/20,zaif,JPY,MONA,BUY,2,1871,0.002,3742.002
2017/12/20,zaif,JPY,MONA,BUY,1,1871.1,0.001,1871.101
2017/12/20,zaif,JPY,MONA,BUY,1,1872,0.001,1872.001
2017/12/20,zaif,JPY,MONA,BUY,1,1874,0.001,1874.001
2017/12/20,zaif,JPY,XEM,BUY,6,112,0,672
2017/12/11,zaif,JPY,BTC,BUY,0.0014,2142857,0,3000
2017/10/16,zaif,JPY,BTC,BUY,0.0594,690235,0,41000
2017/8/18,zaif,JPY,BTC,BUY,0.1975,506329,0,100000
2017/8/11,zaif,JPY,BTC,BUY,0.0475,421052,0,20000
2017/8/6,zaif,JPY,BTC,BUY,0.0256,390625,0,10000
2017/8/4,zaif,JPY,BTC,BUY,0.0901,332963,0,30000